model,N,MSE-n01,RMSE-n01
ACCESS-ESM1-5,5.00000,0.04307,0.20335
BCC-CSM2-MR,5.00000,0.01990,0.13547
CESM2,3.00000,0.02216,0.14286
CNRM-CM6-1,77.00000,0.09517,0.29175
CanESM5,1000.00000,0.04401,0.20161
FGOALS-g3,5.00000,0.03515,0.18408
GISS-E2-1-G,300.00000,0.02428,0.14905
HadGEM3-GC31-LL,10.00000,0.06419,0.24453
IPSL-CM6A-LR,77.00000,0.11066,0.32218
MIROC6,225.00000,0.01420,0.11590
MRI-ESM2-0,19.00000,0.04828,0.20839
NorESM2-LM,5.00000,0.02724,0.16201
