model,N,MSE-n01,RMSE-n01
ACCESS-ESM1-5,5.00000,0.01838,0.13148
BCC-CSM2-MR,5.00000,0.02118,0.12752
CESM2,3.00000,0.04287,0.20030
CNRM-CM6-1,77.00000,0.01406,0.11438
CanESM5,1000.00000,0.03945,0.18794
FGOALS-g3,5.00000,0.01298,0.11265
GISS-E2-1-G,300.00000,0.03485,0.18097
HadGEM3-GC31-LL,10.00000,0.01955,0.13637
IPSL-CM6A-LR,77.00000,0.03198,0.17522
MIROC6,225.00000,0.02058,0.13800
MRI-ESM2-0,19.00000,0.02074,0.14023
NorESM2-LM,5.00000,0.02094,0.14366
