model,N,MSE-n01,RMSE-n01
BCC-CSM2-MR,5.00000,0.02118,0.12752
CanESM5,1000.00000,0.03945,0.18794
FGOALS-g3,5.00000,0.01298,0.11265
IPSL-CM6A-LR,77.00000,0.03198,0.17522
