model,N,MSE-n01,RMSE-n01
BCC-CSM2-MR,5.00000,0.02118,0.12752
IPSL-CM6A-LR,77.00000,0.03198,0.17522
